{"cameraMode":{"drawMode":0,"name":"Shaded","section":"Shading Mode"},"sceneLighting":false,"audioPlay":false,"sceneViewState":{"showFog":true,"showMaterialUpdate":false,"showSkybox":false,"showFlares":true,"showImageEffects":true,"showParticleSystems":true,"showVisualEffectGraphs":true,"m_FxEnabled":true},"in2DMode":false,"pivot":{"x":-25.419462203979493,"y":1.3058125972747803,"z":-15.52039909362793},"rotation":{"x":0.004593587480485439,"y":0.9919047951698303,"z":-0.12142490595579148,"w":0.03751298412680626},"size":6.500690937042236,"orthographic":false}